LOC,Chromosome,Start,End,gene.features.locus,Genes,Strand
XLOC_000001,chr1,11873,29370,chr1:11873-29370,DDX11L1,+
XLOC_000002,chr1,11873,29370,chr1:11873-29370,WASH7P,+
XLOC_000003,chr1,30365,30503,chr1:30365-30503,MIR1302-10,+
XLOC_000004,chr1,69090,70008,chr1:69090-70008,OR4F5,+
XLOC_000005,chr1,323891,328581,chr1:323891-328581,LOC100132062|LOC100133331,+
XLOC_000006,chr1,367658,368597,chr1:367658-368597,OR4F16,+
XLOC_000007,chr1,667777,669456,chr1:667777-669456,NA,+
XLOC_000008,chr1,669991,672520,chr1:669991-672520,NA,+
XLOC_000009,chr1,678725,762902,chr1:678725-762902,NA,+
XLOC_000010,chr1,678725,762902,chr1:678725-762902,FAM87B,+
XLOC_000011,chr1,762970,812182,chr1:762970-812182,LINC01128,+
XLOC_000012,chr1,861120,894798,chr1:861120-894798,SAMD11,+
XLOC_000013,chr1,895962,901099,chr1:895962-901099,KLHL17,+
XLOC_000014,chr1,901876,910484,chr1:901876-910484,PLEKHN1,+
XLOC_000015,chr1,948846,949919,chr1:948846-949919,ISG15,+
XLOC_000016,chr1,955502,991499,chr1:955502-991499,AGRN,+
XLOC_000017,chr1,999876,1004420,chr1:999876-1004420,NA,+
XLOC_000018,chr1,1072396,1079434,chr1:1072396-1079434,LINC01342,+
XLOC_000019,chr1,1102483,1102578,chr1:1102483-1102578,MIR200B,+
XLOC_000020,chr1,1103242,1103332,chr1:1103242-1103332,MIR200A,+
XLOC_000021,chr1,1104384,1104467,chr1:1104384-1104467,MIR429,+
XLOC_000022,chr1,1109285,1133313,chr1:1109285-1133313,TTLL10,+
XLOC_000023,chr1,1146705,1167483,chr1:1146705-1167483,NA,+
XLOC_000024,chr1,1146705,1167483,chr1:1146705-1167483,SDF4,+
XLOC_000025,chr1,1167628,1170420,chr1:1167628-1170420,B3GALT6,+
XLOC_000026,chr1,1188387,1209234,chr1:1188387-1209234,UBE2J2,+
XLOC_000027,chr1,1209394,1215597,chr1:1209394-1215597,NA,+
XLOC_000028,chr1,1215710,1227409,chr1:1215710-1227409,SCNN1D,+
XLOC_000029,chr1,1243677,1284821,chr1:1243677-1284821,PUSL1,+
XLOC_000030,chr1,1243677,1284821,chr1:1243677-1284821,CPTP|TAS1R3,+
XLOC_000031,chr1,1321090,1346244,chr1:1321090-1346244,LOC148413,+
XLOC_000032,chr1,1361507,1363167,chr1:1361507-1363167,TMEM88B,+
XLOC_000033,chr1,1370902,1378262,chr1:1370902-1378262,VWA1,+
XLOC_000034,chr1,1385068,1405852,chr1:1385068-1405852,ATAD3C,+
XLOC_000035,chr1,1407132,1431811,chr1:1407132-1431811,ATAD3B,+
XLOC_000036,chr1,1447522,1470067,chr1:1447522-1470067,ATAD3A,+
XLOC_000037,chr1,1548029,1570030,chr1:1548029-1570030,MIB2|MMP23A|MMP23B,+
XLOC_000038,chr1,1570602,1681354,chr1:1570602-1681354,MMP23A,+
XLOC_000039,chr1,1570602,1681354,chr1:1570602-1681354,MMP23A,+
XLOC_000040,chr1,1844821,1848733,chr1:1844821-1848733,CALML6,+
XLOC_000041,chr1,1950767,1962192,chr1:1950767-1962192,GABRD,+
XLOC_000042,chr1,1979999,2144159,chr1:1979999-2144159,PRKCZ,+
XLOC_000043,chr1,2159478,2246245,chr1:2159478-2246245,SKI,+
XLOC_000044,chr1,2246398,2251741,chr1:2246398-2251741,NA,+
XLOC_000045,chr1,2251884,2344010,chr1:2251884-2344010,RER1,+
XLOC_000046,chr1,2347350,2458067,chr1:2347350-2458067,PLCH2,+
XLOC_000047,chr1,2477687,2516624,chr1:2477687-2516624,LOC100996583|TNFRSF14,+
XLOC_000048,chr1,2516844,2564481,chr1:2516844-2564481,FAM213B,+
XLOC_000049,chr1,2938045,2939467,chr1:2938045-2939467,ACTRT2,+
XLOC_000050,chr1,2976180,3355185,chr1:2976180-3355185,PRDM16,+
XLOC_000051,chr1,2976180,3355185,chr1:2976180-3355185,MIR4251,+
XLOC_000052,chr1,3371146,3397677,chr1:3371146-3397677,ARHGEF16,+
XLOC_000053,chr1,3541555,3547001,chr1:3541555-3547001,TPRG1L,+
XLOC_000054,chr1,3569128,3663937,chr1:3569128-3663937,TP73,+
XLOC_000055,chr1,3668964,3688209,chr1:3668964-3688209,CCDC27,+
XLOC_000056,chr1,3689292,3694074,chr1:3689292-3694074,SMIM1,+
XLOC_000057,chr1,3773830,3802543,chr1:3773830-3802543,DFFB,+
XLOC_000058,chr1,3816967,3832769,chr1:3816967-3832769,LINC01134,+
XLOC_000059,chr1,4000671,4012643,chr1:4000671-4012643,LINC01346,+
XLOC_000060,chr1,4472110,4484744,chr1:4472110-4484744,LOC284661,+
XLOC_000061,chr1,4663768,4669067,chr1:4663768-4669067,NA,+
XLOC_000062,chr1,4715104,4843851,chr1:4715104-4843851,AJAP1,+
XLOC_000063,chr1,5624130,5624203,chr1:5624130-5624203,MIR4417,+
XLOC_000064,chr1,5922731,6161624,chr1:5922731-6161624,KCNAB2,+
XLOC_000065,chr1,6266188,6296045,chr1:6266188-6296045,RNF207,+
XLOC_000066,chr1,6296299,6299502,chr1:6296299-6299502,LINC00337,+
XLOC_000067,chr1,6304251,6305638,chr1:6304251-6305638,HES3,+
XLOC_000068,chr1,6484847,6580121,chr1:6484847-6580121,ESPN,+
XLOC_000069,chr1,6615337,6639817,chr1:6615337-6639817,TAS1R1,+
XLOC_000070,chr1,6639884,6673508,chr1:6639884-6673508,ZBTB48,+
XLOC_000071,chr1,6673755,6684093,chr1:6673755-6684093,PHF13,+
XLOC_000072,chr1,6684924,6761966,chr1:6684924-6761966,THAP3,+
XLOC_000073,chr1,6784804,6790072,chr1:6784804-6790072,LOC100505887,+
XLOC_000074,chr1,6845367,7829766,chr1:6845367-7829766,CAMTA1,+
XLOC_000075,chr1,7831328,7841641,chr1:7831328-7841641,VAMP3,+
XLOC_000076,chr1,7844331,7973637,chr1:7844331-7973637,PER3,+
XLOC_000077,chr1,8021713,8045342,chr1:8021713-8045342,PARK7,+
XLOC_000078,chr1,8268731,8275268,chr1:8268731-8275268,LOC102724539,+
XLOC_000079,chr1,8378144,8404227,chr1:8378144-8404227,SLC45A1,+
XLOC_000080,chr1,8412319,8877780,chr1:8412319-8877780,RERE,+
XLOC_000081,chr1,8412319,8877780,chr1:8412319-8877780,LOC102724552,+
XLOC_000082,chr1,8921058,8942162,chr1:8921058-8942162,ENO1-AS1,+
XLOC_000083,chr1,9005892,9035148,chr1:9005892-9035148,CA6,+
XLOC_000084,chr1,9294760,9331676,chr1:9294760-9331676,H6PD,+
XLOC_000085,chr1,9352940,9429590,chr1:9352940-9429590,SPSB1,+
XLOC_000086,chr1,9599480,9645548,chr1:9599480-9645548,SLC25A33,+
XLOC_000087,chr1,9648822,9676149,chr1:9648822-9676149,TMEM201,+
XLOC_000088,chr1,9687227,9884584,chr1:9687227-9884584,PIK3CD,+
XLOC_000089,chr1,9982230,10048598,chr1:9982230-10048598,NMNAT1,+
XLOC_000090,chr1,9982230,10048598,chr1:9982230-10048598,MIR5697,+
XLOC_000091,chr1,10057254,10076078,chr1:10057254-10076078,RBP7,+
XLOC_000092,chr1,10092876,10241313,chr1:10092876-10241313,UBE4B,+
XLOC_000093,chr1,10270566,10441978,chr1:10270566-10441978,KIF1B,+
XLOC_000094,chr1,10270566,10441978,chr1:10270566-10441978,RNU6-2,+
XLOC_000095,chr1,10459048,10480568,chr1:10459048-10480568,PGD,+
XLOC_000096,chr1,10490158,10512417,chr1:10490158-10512417,APITD1|APITD1-CORT|CORT,+
XLOC_000097,chr1,10534911,10693688,chr1:10534911-10693688,PEX14,+
XLOC_000098,chr1,11072070,11107296,chr1:11072070-11107296,TARDBP,+
XLOC_000099,chr1,11166587,11322608,chr1:11166587-11322608,MTOR-AS1,+
XLOC_000100,chr1,11166587,11322608,chr1:11166587-11322608,ANGPTL7,+
XLOC_000101,chr1,11333227,11432887,chr1:11333227-11432887,UBIAD1,+
XLOC_000102,chr1,11539294,11597640,chr1:11539294-11597640,PTCHD2,+
XLOC_000103,chr1,11669587,11673411,chr1:11669587-11673411,LOC101929181,+
XLOC_000104,chr1,11708417,11723606,chr1:11708417-11723606,FBXO44,+
XLOC_000105,chr1,11724149,11751678,chr1:11724149-11751678,FBXO6,+
XLOC_000106,chr1,11751780,11780336,chr1:11751780-11780336,DRAXIN,+
XLOC_000107,chr1,11795879,11814823,chr1:11795879-11814823,AGTRAP,+
XLOC_000108,chr1,11822249,11912145,chr1:11822249-11912145,C1orf167,+
XLOC_000109,chr1,11822249,11912145,chr1:11822249-11912145,CLCN6|NPPA-AS1,+
XLOC_000110,chr1,11994723,12035599,chr1:11994723-12035599,PLOD1,+
XLOC_000111,chr1,12040091,12073854,chr1:12040091-12073854,MFN2,+
XLOC_000112,chr1,12079298,12092106,chr1:12079298-12092106,MIIP,+
XLOC_000113,chr1,12079298,12092106,chr1:12079298-12092106,MIR6729,+
XLOC_000114,chr1,12123433,12204767,chr1:12123433-12204767,TNFRSF8,+
XLOC_000115,chr1,12226367,12277997,chr1:12226367-12277997,MIR7846|TNFRSF1B,+
XLOC_000116,chr1,12226367,12277997,chr1:12226367-12277997,MIR4632,+
XLOC_000117,chr1,12290069,12572098,chr1:12290069-12572098,SNORA59A|VPS13D,+
XLOC_000118,chr1,12704565,12727097,chr1:12704565-12727097,AADACL4,+
XLOC_000119,chr1,12776117,12788726,chr1:12776117-12788726,AADACL3,+
XLOC_000120,chr1,12806133,12821102,chr1:12806133-12821102,C1orf158,+
XLOC_000121,chr1,12834990,12838048,chr1:12834990-12838048,PRAMEF12,+
XLOC_000122,chr1,12851545,12856777,chr1:12851545-12856777,PRAMEF1,+
XLOC_000123,chr1,12916940,12921764,chr1:12916940-12921764,PRAMEF2,+
XLOC_000124,chr1,12976466,12980300,chr1:12976466-12980300,PRAMEF7,+
XLOC_000125,chr1,13035498,13039011,chr1:13035498-13039011,LOC391003,+
XLOC_000126,chr1,13194517,13199727,chr1:13194517-13199727,LOC645354,+
XLOC_000127,chr1,13328195,13698405,chr1:13328195-13698405,LOC101929983|PRAMEF5,+
XLOC_000128,chr1,13328195,13698405,chr1:13328195-13698405,PRAMEF10,+
XLOC_000129,chr1,13328195,13698405,chr1:13328195-13698405,LOC101929983|PRAMEF15,+
XLOC_000130,chr1,13328195,13698405,chr1:13328195-13698405,PRAMEF16,+
XLOC_000131,chr1,13328195,13698405,chr1:13328195-13698405,PRAMEF20,+
XLOC_000132,chr1,13328195,13698405,chr1:13328195-13698405,PRAMEF10,+
XLOC_000133,chr1,13328195,13698405,chr1:13328195-13698405,LOC101929983|PRAMEF15,+
XLOC_000134,chr1,13716091,13719089,chr1:13716091-13719089,PRAMEF17,+
XLOC_000135,chr1,13736906,13747803,chr1:13736906-13747803,PRAMEF20,+
XLOC_000136,chr1,13910251,13944452,chr1:13910251-13944452,PDPN,+
XLOC_000137,chr1,14022458,14153717,chr1:14022458-14153717,PRDM2,+
XLOC_000138,chr1,14925212,15478960,chr1:14925212-15478960,KAZN,+
XLOC_000139,chr1,15479027,15546974,chr1:15479027-15546974,TMEM51,+
XLOC_000140,chr1,15573767,15724622,chr1:15573767-15724622,FHAD1,+
XLOC_000141,chr1,15736390,15756839,chr1:15736390-15756839,EFHD2,+
XLOC_000142,chr1,15764937,15773153,chr1:15764937-15773153,CTRC,+
XLOC_000143,chr1,15783222,15798586,chr1:15783222-15798586,CELA2A,+
XLOC_000144,chr1,15802595,15851285,chr1:15802595-15851285,CELA2B,+
XLOC_000145,chr1,15853307,15911605,chr1:15853307-15911605,DNAJC16,+
XLOC_000146,chr1,15943923,15996088,chr1:15943923-15996088,DDI2|RSC1A1,+
XLOC_000147,chr1,16010647,16067887,chr1:16010647-16067887,PLEKHM2|SLC25A34,+
XLOC_000148,chr1,16068986,16074292,chr1:16068986-16074292,TMEM82,+
XLOC_000149,chr1,16085254,16113084,chr1:16085254-16113084,FBLIM1,+
XLOC_000150,chr1,16160709,16302735,chr1:16160709-16302735,SPEN,+
XLOC_000151,chr1,16160709,16302735,chr1:16160709-16302735,MIR5096,+
XLOC_000152,chr1,16330730,16333190,chr1:16330730-16333190,C1orf64,+
XLOC_000153,chr1,16348485,16360545,chr1:16348485-16360545,CLCNKA,+
XLOC_000154,chr1,16370230,16383821,chr1:16370230-16383821,CLCNKB,+
XLOC_000155,chr1,16693524,16724643,chr1:16693524-16724643,SZRD1,+
XLOC_000156,chr1,16767071,16825744,chr1:16767071-16825744,NECAP2,+
XLOC_000157,chr1,16865218,16866530,chr1:16865218-16866530,FAM231B,+
XLOC_000158,chr1,16875408,16875482,chr1:16875408-16875482,MIR3675,+
XLOC_000159,chr1,16943615,16977016,chr1:16943615-16977016,MST1P2,+
XLOC_000160,chr1,16999497,17000152,chr1:16999497-17000152,FAM231C,+
XLOC_000161,chr1,17007749,17007823,chr1:17007749-17007823,MIR3675,+
XLOC_000162,chr1,17240565,17308081,chr1:17240565-17308081,CROCC,+
XLOC_000163,chr1,17531620,17572501,chr1:17531620-17572501,PADI1,+
XLOC_000164,chr1,17575592,17610727,chr1:17575592-17610727,PADI3,+
XLOC_000165,chr1,17575592,17610727,chr1:17575592-17610727,MIR3972,+
XLOC_000166,chr1,17634682,17690495,chr1:17634682-17690495,PADI4,+
XLOC_000167,chr1,17698690,17728195,chr1:17698690-17728195,PADI6,+
XLOC_000168,chr1,17866211,18024412,chr1:17866211-18024412,ARHGEF10L,+
XLOC_000169,chr1,18081807,18153558,chr1:18081807-18153558,ACTL8,+
XLOC_000170,chr1,18392150,18400905,chr1:18392150-18400905,LOC101927876,+
XLOC_000171,chr1,18434239,18704977,chr1:18434239-18704977,IGSF21,+
XLOC_000172,chr1,18807423,18812480,chr1:18807423-18812480,KLHDC7A,+
XLOC_000173,chr1,18957499,19075360,chr1:18957499-19075360,PAX7,+
XLOC_000174,chr1,19400619,19590668,chr1:19400619-19590668,MRTO4,+
XLOC_000175,chr1,19638699,19814348,chr1:19638699-19814348,PQLC2,+
XLOC_000176,chr1,19923470,19984949,chr1:19923470-19984949,MINOS1|MINOS1-NBL1|NBL1,+
XLOC_000177,chr1,19923470,19984949,chr1:19923470-19984949,RPS14P3,+
XLOC_000178,chr1,19991779,20126944,chr1:19991779-20126944,HTR6,+
XLOC_000179,chr1,20208855,20239440,chr1:20208855-20239440,OTUD3,+
XLOC_000180,chr1,20396700,20418394,chr1:20396700-20418394,PLA2G5,+
XLOC_000181,chr1,20465822,20476879,chr1:20465822-20476879,PLA2G2F,+
XLOC_000182,chr1,20510735,20522541,chr1:20510735-20522541,UBXN10,+
XLOC_000183,chr1,20617411,20681387,chr1:20617411-20681387,VWA5B1,+
XLOC_000184,chr1,20878931,20881513,chr1:20878931-20881513,FAM43B,+
XLOC_000185,chr1,20915440,20945400,chr1:20915440-20945400,CDA,+
XLOC_000186,chr1,20959858,20988037,chr1:20959858-20988037,MIR6084|PINK1,+
XLOC_000187,chr1,21543739,21672034,chr1:21543739-21672034,LOC100506801,+
XLOC_000188,chr1,21766422,21811393,chr1:21766422-21811393,NBPF3,+
XLOC_000189,chr1,21835857,21904905,chr1:21835857-21904905,ALPL,+
XLOC_000190,chr1,22138757,22263790,chr1:22138757-22263790,LDLRAD2,+
XLOC_000191,chr1,22138757,22263790,chr1:22138757-22263790,HSPG2,+
XLOC_000192,chr1,22303417,22315847,chr1:22303417-22315847,CELA3B,+
XLOC_000193,chr1,22328148,22339035,chr1:22328148-22339035,CELA3A,+
XLOC_000194,chr1,22350486,22357717,chr1:22350486-22357717,LINC00339,+
XLOC_000195,chr1,22378660,22420780,chr1:22378660-22420780,CDC42,+
XLOC_000196,chr1,22592731,22592793,chr1:22592731-22592793,MIR4418,+
XLOC_000197,chr1,22778337,22857650,chr1:22778337-22857650,ZBTB40,+
XLOC_000198,chr1,22890003,22930087,chr1:22890003-22930087,EPHA8,+
XLOC_000199,chr1,22963117,22966175,chr1:22963117-22966175,C1QA,+
XLOC_000200,chr1,22970117,22974603,chr1:22970117-22974603,C1QC,+
XLOC_000201,chr1,22979681,22988029,chr1:22979681-22988029,C1QB,+
XLOC_000202,chr1,23037330,23247993,chr1:23037330-23247993,EPHB2,+
XLOC_000203,chr1,23037330,23247993,chr1:23037330-23247993,MIR4684,+
XLOC_000204,chr1,23345897,23495351,chr1:23345897-23495351,KDM1A,+
XLOC_000205,chr1,23345897,23495351,chr1:23345897-23495351,MIR3115,+
XLOC_000206,chr1,23684981,23698330,chr1:23684981-23698330,ZNF436-AS1,+
XLOC_000207,chr1,23832835,23857819,chr1:23832835-23857819,LOC101928163,+
XLOC_000208,chr1,23952879,23973256,chr1:23952879-23973256,MDS2,+
XLOC_000209,chr1,24018268,24029938,chr1:24018268-24029938,RPL11,+
XLOC_000210,chr1,24069656,24104810,chr1:24069656-24104810,TCEB3,+
XLOC_000211,chr1,24104866,24116327,chr1:24104866-24116327,PITHD1,+
XLOC_000212,chr1,24117019,24127294,chr1:24117019-24127294,LYPLA2,+
XLOC_000213,chr1,24255559,24255637,chr1:24255559-24255637,MIR378F,+
XLOC_000214,chr1,24285306,24306953,chr1:24285306-24306953,PNRC2,+
XLOC_000215,chr1,24526729,24538180,chr1:24526729-24538180,LOC284632,+
XLOC_000216,chr1,24645811,24741587,chr1:24645811-24741587,GRHL3,+
XLOC_000217,chr1,24742244,24803323,chr1:24742244-24803323,NIPAL3,+
XLOC_000218,chr1,24822822,24882515,chr1:24822822-24882515,RCAN3,+
XLOC_000219,chr1,24882566,24935818,chr1:24882566-24935818,NCMAP,+
XLOC_000220,chr1,24969593,25001728,chr1:24969593-25001728,SRRM1,+
XLOC_000221,chr1,25071759,25170815,chr1:25071759-25170815,CLIC4,+
XLOC_000222,chr1,25224883,25291660,chr1:25224883-25291660,RUNX3,+
XLOC_000223,chr1,25349173,25353427,chr1:25349173-25353427,MIR4425,+
XLOC_000224,chr1,25562863,25747363,chr1:25562863-25747363,RHD|TMEM50A,+
XLOC_000225,chr1,25757348,25827284,chr1:25757348-25827284,TMEM57,+
XLOC_000226,chr1,25870074,25918204,chr1:25870074-25918204,LDLRAP1,+
XLOC_000227,chr1,25943517,26113704,chr1:25943517-26113704,MAN1C1,+
XLOC_000228,chr1,26126666,26145567,chr1:26126666-26145567,SEPN1,+
XLOC_000229,chr1,26146396,26185949,chr1:26146396-26185949,MTFR1L,+
XLOC_000230,chr1,26348270,26362954,chr1:26348270-26362954,EXTL1,+
XLOC_000231,chr1,26437655,26452039,chr1:26437655-26452039,PDIK1L,+
XLOC_000232,chr1,26485510,26489119,chr1:26485510-26489119,FAM110D,+
XLOC_000233,chr1,26496358,26498213,chr1:26496358-26498213,ZNF593,+
XLOC_000234,chr1,26503980,26516376,chr1:26503980-26516376,CNKSR1,+
XLOC_000235,chr1,26517118,26529033,chr1:26517118-26529033,CATSPER4,+
XLOC_000236,chr1,26551810,26556331,chr1:26551810-26556331,LOC101928303,+
XLOC_000237,chr1,26560643,26608015,chr1:26560643-26608015,CEP85|SH3BGRL3,+
XLOC_000238,chr1,26608772,26647014,chr1:26608772-26647014,CD52,+
XLOC_000239,chr1,26737268,26756219,chr1:26737268-26756219,LIN28A,+
XLOC_000240,chr1,26758772,26805017,chr1:26758772-26805017,DHDDS|HMGN2,+
XLOC_000241,chr1,26856248,26901520,chr1:26856248-26901520,RPS6KA1,+
XLOC_000242,chr1,26856248,26901520,chr1:26856248-26901520,MIR1976,+
XLOC_000243,chr1,27022011,27108601,chr1:27022011-27108601,ARID1A,+
XLOC_000244,chr1,27112894,27184016,chr1:27112894-27184016,PIGV|ZDHHC18,+
XLOC_000245,chr1,27189632,27190947,chr1:27189632-27190947,SFN,+
XLOC_000246,chr1,27248212,27274206,chr1:27248212-27274206,NUDC,+
XLOC_000247,chr1,27320194,27327377,chr1:27320194-27327377,TRNP1,+
XLOC_000248,chr1,27561006,27642850,chr1:27561006-27642850,WDTC1,+
XLOC_000249,chr1,27648635,27662914,chr1:27648635-27662914,ACTG1P20|TMEM222,+
XLOC_000250,chr1,27667332,27680423,chr1:27667332-27680423,SYTL1,+
XLOC_000251,chr1,27681123,27693357,chr1:27681123-27693357,MAP3K6,+
XLOC_000252,chr1,27719147,27817077,chr1:27719147-27817077,GPR3,+
XLOC_000253,chr1,27841662,27930644,chr1:27841662-27930644,AHDC1,+
XLOC_000254,chr1,28052462,28089623,chr1:28052462-28089623,FAM76A,+
XLOC_000255,chr1,28099554,28151733,chr1:28099554-28151733,STX12,+
XLOC_000256,chr1,28157251,28178672,chr1:28157251-28178672,PPP1R8,+
XLOC_000257,chr1,28157251,28178672,chr1:28157251-28178672,SCARNA1,+
XLOC_000258,chr1,28199006,28241504,chr1:28199006-28241504,THEMIS2,+
XLOC_000259,chr1,28261465,28285668,chr1:28261465-28285668,SMPDL3B,+
XLOC_000260,chr1,28285972,28296092,chr1:28285972-28296092,XKR8,+
XLOC_000261,chr1,28561653,28574191,chr1:28561653-28574191,ATPIF1,+
XLOC_000262,chr1,28585962,28609002,chr1:28585962-28609002,SESN2,+
XLOC_000263,chr1,28655512,28663100,chr1:28655512-28663100,MED18,+
XLOC_000264,chr1,28695980,28826881,chr1:28695980-28826881,PHACTR4,+
XLOC_000265,chr1,28832454,28866056,chr1:28832454-28866056,RCC1|SNHG3|SNORA73B,+
XLOC_000266,chr1,28879510,28908414,chr1:28879510-28908414,TRNAU1AP,+
XLOC_000267,chr1,28918711,28921088,chr1:28918711-28921088,RAB42,+
XLOC_000268,chr1,28975036,28976626,chr1:28975036-28976626,RNU11,+
XLOC_000269,chr1,28995239,29047591,chr1:28995239-29047591,GMEB1,+
XLOC_000270,chr1,29063132,29096287,chr1:29063132-29096287,YTHDF2,+
XLOC_000271,chr1,29138653,29190208,chr1:29138653-29190208,OPRD1,+
XLOC_000272,chr1,29213602,29450421,chr1:29213602-29450421,EPB41,+
XLOC_000273,chr1,29563027,29653325,chr1:29563027-29653325,PTPRU,+
XLOC_000274,chr1,31183063,31230902,chr1:31183063-31230902,MATN1-AS1,+
XLOC_000275,chr1,31769828,31845923,chr1:31769828-31845923,ZCCHC17,+
XLOC_000276,chr1,31882411,31907527,chr1:31882411-31907527,SERINC2,+
XLOC_000277,chr1,31971838,31974167,chr1:31971838-31974167,LINC01225,+
XLOC_000278,chr1,31984035,31989846,chr1:31984035-31989846,LINC01226,+
XLOC_000279,chr1,32042085,32053287,chr1:32042085-32053287,TINAGL1,+
XLOC_000280,chr1,32083300,32092919,chr1:32083300-32092919,HCRTR1,+
XLOC_000281,chr1,32479103,32531382,chr1:32479103-32531382,KHDRBS1,+
XLOC_000282,chr1,32538006,32568687,chr1:32538006-32568687,TMEM39B,+
XLOC_000283,chr1,32538006,32568687,chr1:32538006-32568687,MIR5585,+
XLOC_000284,chr1,32573640,32687932,chr1:32573640-32687932,CCDC28B|DCDC2B|IQCC|KPNA6|TXLNA,+
XLOC_000285,chr1,32687970,32709543,chr1:32687970-32709543,EIF3I,+
XLOC_000286,chr1,32712817,32714461,chr1:32712817-32714461,FAM167B,+
XLOC_000287,chr1,32716839,32751768,chr1:32716839-32751768,LCK,+
XLOC_000288,chr1,32757593,32799281,chr1:32757593-32799281,HDAC1,+
XLOC_000289,chr1,32817218,32860113,chr1:32817218-32860113,TSSK3,+
XLOC_000290,chr1,32930657,32953459,chr1:32930657-32953459,ZBTB8B,+
XLOC_000291,chr1,33004745,33071551,chr1:33004745-33071551,ZBTB8A,+
XLOC_000292,chr1,33086069,33116631,chr1:33086069-33116631,ZBTB8OS,+
XLOC_000293,chr1,33086069,33116631,chr1:33086069-33116631,ZBTB8OS,+
XLOC_000294,chr1,33086069,33116631,chr1:33086069-33116631,ZBTB8OS,+
XLOC_000295,chr1,33086069,33116631,chr1:33086069-33116631,ZBTB8OS,+
XLOC_000296,chr1,33116748,33168361,chr1:33116748-33168361,RBBP4,+
XLOC_000297,chr1,33207511,33240571,chr1:33207511-33240571,KIAA1522,+
XLOC_000298,chr1,33240789,33325930,chr1:33240789-33325930,S100PBP,+
XLOC_000299,chr1,33352097,33366953,chr1:33352097-33366953,HPCA,+
XLOC_000300,chr1,33546713,33586170,chr1:33546713-33586170,AZIN2,+
XLOC_000301,chr1,33587764,33601985,chr1:33587764-33601985,NA,+
XLOC_000302,chr1,33602637,33647680,chr1:33602637-33647680,NA,+
XLOC_000303,chr1,33602637,33647680,chr1:33602637-33647680,TRIM62,+
XLOC_000304,chr1,33722046,33766344,chr1:33722046-33766344,ZNF362,+
XLOC_000305,chr1,33789002,33841194,chr1:33789002-33841194,LOC101929464,+
XLOC_000306,chr1,33938231,33961995,chr1:33938231-33961995,ZSCAN20,+
XLOC_000307,chr1,33979598,34631443,chr1:33979598-34631443,HMGB4,+
XLOC_000308,chr1,33979598,34631443,chr1:33979598-34631443,CSMD2-AS1,+
XLOC_000309,chr1,34632483,34684731,chr1:34632483-34684731,C1orf94,+
XLOC_000310,chr1,35220647,35224113,chr1:35220647-35224113,GJB5,+
XLOC_000311,chr1,35225341,35229325,chr1:35225341-35229325,GJB4,+
XLOC_000312,chr1,35246789,35251967,chr1:35246789-35251967,GJB3,+
XLOC_000313,chr1,35258598,35261348,chr1:35258598-35261348,GJA4,+
XLOC_000314,chr1,35525386,35583241,chr1:35525386-35583241,ZMYM1,+
XLOC_000315,chr1,35734082,35890821,chr1:35734082-35890821,ZMYM4,+
XLOC_000316,chr1,35891134,36107445,chr1:35891134-36107445,NCDN|TFAP2E,+
XLOC_000317,chr1,36273213,36324024,chr1:36273213-36324024,AGO4,+
XLOC_000318,chr1,36348560,36538192,chr1:36348560-36538192,AGO1|AGO3,+
XLOC_000319,chr1,36549675,36553876,chr1:36549675-36553876,TEKT2,+
XLOC_000320,chr1,36554241,36560524,chr1:36554241-36560524,ADPRHL2,+
XLOC_000321,chr1,36602169,36646451,chr1:36602169-36646451,MAP7D1,+
XLOC_000322,chr1,36689951,36770957,chr1:36689951-36770957,THRAP3,+
XLOC_000323,chr1,36771717,36796334,chr1:36771717-36796334,SH3D21,+
XLOC_000324,chr1,37618945,37724542,chr1:37618945-37724542,MIR4255,+
XLOC_000325,chr1,37940118,37949993,chr1:37940118-37949993,MIR6732|ZC3H12A,+
XLOC_000326,chr1,38022519,38061586,chr1:38022519-38061586,DNALI1,+
XLOC_000327,chr1,38022519,38061586,chr1:38022519-38061586,GNL2,+
XLOC_000328,chr1,38158072,38175391,chr1:38158072-38175391,CDCA8,+
XLOC_000329,chr1,38259773,38325435,chr1:38259773-38325435,MANEAL,+
XLOC_000330,chr1,38259773,38325435,chr1:38259773-38325435,C1orf122,+
XLOC_000331,chr1,38478383,38490610,chr1:38478383-38490610,UTP11L,+
XLOC_000332,chr1,38554902,38555001,chr1:38554902-38555001,MIR3659,+
XLOC_000333,chr1,38941297,38948577,chr1:38941297-38948577,NA,+
XLOC_000334,chr1,39456915,39473794,chr1:39456915-39473794,AKIRIN1,+
XLOC_000335,chr1,39491966,39517061,chr1:39491966-39517061,NDUFS5,+
XLOC_000336,chr1,39549838,39953741,chr1:39549838-39953741,MACF1,+
XLOC_000337,chr1,39549838,39953741,chr1:39549838-39953741,KIAA0754,+
XLOC_000338,chr1,39957317,40025436,chr1:39957317-40025436,BMP8A,+
XLOC_000339,chr1,40025816,40042550,chr1:40025816-40042550,LOC101929516,+
XLOC_000340,chr1,40204516,40255665,chr1:40204516-40255665,PPIE,+
XLOC_000341,chr1,40420752,40435748,chr1:40420752-40435748,MFSD2A,+
XLOC_000342,chr1,40506254,40563142,chr1:40506254-40563142,CAP1,+
XLOC_000343,chr1,40627040,40707032,chr1:40627040-40707032,RLF,+
XLOC_000344,chr1,40713572,40717365,chr1:40713572-40717365,TMCO2,+
XLOC_000345,chr1,40723721,40760182,chr1:40723721-40760182,ZMPSTE24,+
XLOC_000346,chr1,40839226,40899663,chr1:40839226-40899663,SMAP2,+
XLOC_000347,chr1,40915746,40939997,chr1:40915746-40939997,ZFP69B,+
XLOC_000348,chr1,40942945,40984172,chr1:40942945-40984172,ZFP69,+
XLOC_000349,chr1,40942945,40984172,chr1:40942945-40984172,EXO5,+
XLOC_000350,chr1,40997232,41013841,chr1:40997232-41013841,ZNF684,+
XLOC_000351,chr1,41151080,41237881,chr1:41151080-41237881,NFYC,+
XLOC_000352,chr1,41151080,41237881,chr1:41151080-41237881,MIR30E,+
XLOC_000353,chr1,41151080,41237881,chr1:41151080-41237881,MIR30C1,+
XLOC_000354,chr1,41249683,41306124,chr1:41249683-41306124,KCNQ4,+
XLOC_000355,chr1,41444970,41707980,chr1:41444970-41707980,CTPS1|SLFNL1-AS1,+
XLOC_000356,chr1,41444970,41707980,chr1:41444970-41707980,SLFNL1,+
XLOC_000357,chr1,41444970,41707980,chr1:41444970-41707980,SCMH1,+
XLOC_000358,chr1,41827602,41849263,chr1:41827602-41849263,FOXO6,+
XLOC_000359,chr1,42619091,42621495,chr1:42619091-42621495,GUCA2B,+
XLOC_000360,chr1,42846467,42889900,chr1:42846467-42889900,RIMKLA,+
XLOC_000361,chr1,42922011,42939049,chr1:42922011-42939049,PPCS,+
XLOC_000362,chr1,42946195,43120335,chr1:42946195-43120335,CCDC30,+
XLOC_000363,chr1,43124023,43143780,chr1:43124023-43143780,PPIH,+
XLOC_000364,chr1,43148033,43168030,chr1:43148033-43168030,YBX1,+
XLOC_000365,chr1,43232915,43311483,chr1:43232915-43311483,C1orf50,+
XLOC_000366,chr1,43232915,43311483,chr1:43232915-43311483,LOC100129924,+
XLOC_000367,chr1,43232915,43311483,chr1:43232915-43311483,ERMAP,+
XLOC_000368,chr1,43312243,43320204,chr1:43312243-43320204,ZNF691,+
XLOC_000369,chr1,43323292,43354463,chr1:43323292-43354463,LOC339539,+
XLOC_000370,chr1,43391045,43466485,chr1:43391045-43466485,SLC2A1-AS1,+
XLOC_000371,chr1,43613593,43622067,chr1:43613593-43622067,FAM183A,+
XLOC_000372,chr1,43629593,43720029,chr1:43629593-43720029,CFAP57,+
XLOC_000373,chr1,43735664,43739673,chr1:43735664-43739673,TMEM125,+
XLOC_000374,chr1,43766565,43788781,chr1:43766565-43788781,TIE1,+
XLOC_000375,chr1,43803474,43820979,chr1:43803474-43820979,MPL,+
XLOC_000376,chr1,43824625,43828873,chr1:43824625-43828873,CDC20,+
XLOC_000377,chr1,43847777,43926234,chr1:43847777-43926234,SZT2,+
XLOC_000378,chr1,43847777,43926234,chr1:43847777-43926234,MIR6735,+
XLOC_000379,chr1,43996546,44089343,chr1:43996546-44089343,PTPRF,+
XLOC_000380,chr1,44115776,44173012,chr1:44115776-44173012,KDM4A,+
XLOC_000381,chr1,44173203,44397521,chr1:44173203-44397521,ST3GAL3,+
XLOC_000382,chr1,44173203,44397521,chr1:44173203-44397521,MIR6079,+
XLOC_000383,chr1,44398991,44402912,chr1:44398991-44402912,ARTN,+
XLOC_000384,chr1,44412388,44433694,chr1:44412388-44433694,IPO13,+
XLOC_000385,chr1,44435652,44439773,chr1:44435652-44439773,DPH2,+
XLOC_000386,chr1,44440319,44443972,chr1:44440319-44443972,ATP6V0B,+
XLOC_000387,chr1,44444873,44457037,chr1:44444873-44457037,B4GALT2,+
XLOC_000388,chr1,44457279,44497164,chr1:44457279-44497164,CCDC24,+
XLOC_000389,chr1,44584521,44600809,chr1:44584521-44600809,KLF17,+
XLOC_000390,chr1,44679124,44686351,chr1:44679124-44686351,DMAP1,+
XLOC_000391,chr1,44870959,45117401,chr1:44870959-45117401,RNF220,+
XLOC_000392,chr1,44870959,45117401,chr1:44870959-45117401,MIR5584,+
XLOC_000393,chr1,45140393,45191263,chr1:45140393-45191263,C1orf228,+
XLOC_000394,chr1,45205489,45234061,chr1:45205489-45234061,KIF2C,+
XLOC_000395,chr1,45239713,45253426,chr1:45239713-45253426,RPS8|SNORD55,+
XLOC_000396,chr1,45239713,45253426,chr1:45239713-45253426,SNORD46,+
XLOC_000397,chr1,45239713,45253426,chr1:45239713-45253426,SNORD38A,+
XLOC_000398,chr1,45239713,45253426,chr1:45239713-45253426,SNORD38B,+
XLOC_000399,chr1,45265592,45281912,chr1:45265592-45281912,PLK3,+
XLOC_000400,chr1,45265592,45281912,chr1:45265592-45281912,BTBD19,+
XLOC_000401,chr1,45477804,45481500,chr1:45477804-45481500,UROD,+
XLOC_000402,chr1,45769581,45771291,chr1:45769581-45771291,LINC01144,+
XLOC_000403,chr1,45792544,45794346,chr1:45792544-45794346,HPDL,+
XLOC_000404,chr1,45794643,45956840,chr1:45794643-45956840,TOE1,+
XLOC_000405,chr1,45965855,45988562,chr1:45965855-45988562,MMACHC,+
XLOC_000406,chr1,46016454,46035959,chr1:46016454-46035959,AKR1A1,+
XLOC_000407,chr1,46047234,46092655,chr1:46047234-46092655,NASP,+
XLOC_000408,chr1,46153846,46216564,chr1:46153846-46216564,TMEM69,+
XLOC_000409,chr1,46269261,46502007,chr1:46269261-46502007,MAST2,+
XLOC_000410,chr1,46505811,46651634,chr1:46505811-46651634,LOC101929626,+
XLOC_000411,chr1,46505811,46651634,chr1:46505811-46651634,TSPAN1,+
XLOC_000412,chr1,46654096,46689314,chr1:46654096-46689314,LURAP1,+
XLOC_000413,chr1,46713366,46782449,chr1:46713366-46782449,RAD54L,+
XLOC_000414,chr1,46713366,46782449,chr1:46713366-46782449,UQCRH,+
XLOC_000415,chr1,46804470,46880632,chr1:46804470-46880632,FAAH|NSUN4,+
XLOC_000416,chr1,46896420,46915376,chr1:46896420-46915376,FAAHP1,+
XLOC_000417,chr1,46972667,46979886,chr1:46972667-46979886,DMBX1,+
XLOC_000418,chr1,47004367,47082563,chr1:47004367-47082563,MKNK1-AS1,+
XLOC_000419,chr1,47004367,47082563,chr1:47004367-47082563,MKNK1,+
XLOC_000420,chr1,47004367,47082563,chr1:47004367-47082563,MKNK1,+
XLOC_000421,chr1,47098237,47135440,chr1:47098237-47135440,NA,+
XLOC_000422,chr1,47098237,47135440,chr1:47098237-47135440,ATPAF1,+
XLOC_000423,chr1,47098237,47135440,chr1:47098237-47135440,NA,+
XLOC_000424,chr1,47137504,47139256,chr1:47137504-47139256,TEX38,+
XLOC_000425,chr1,47139707,47184808,chr1:47139707-47184808,EFCAB14-AS1,+
XLOC_000426,chr1,47264669,47285021,chr1:47264669-47285021,CYP4B1,+
XLOC_000427,chr1,47489239,47516423,chr1:47489239-47516423,CYP4X1,+
XLOC_000428,chr1,47533159,47583992,chr1:47533159-47583992,CYP4Z1,+
XLOC_000429,chr1,47603096,47614526,chr1:47603096-47614526,CYP4A22,+
XLOC_000430,chr1,47644921,47646011,chr1:47644921-47646011,LINC00853,+
XLOC_000431,chr1,47797535,47845646,chr1:47797535-47845646,CMPK1,+
XLOC_000432,chr1,47846467,47906363,chr1:47846467-47906363,LINC01389,+
XLOC_000433,chr1,47846467,47906363,chr1:47846467-47906363,FOXE3,+
XLOC_000434,chr1,47846467,47906363,chr1:47846467-47906363,FOXD2,+
XLOC_000435,chr1,48688356,48714316,chr1:48688356-48714316,SLC5A9,+
XLOC_000436,chr1,48998526,50489626,chr1:48998526-50489626,LOC101929721,+
XLOC_000437,chr1,50513685,50669457,chr1:50513685-50669457,ELAVL4,+
XLOC_000438,chr1,51434366,51440309,chr1:51434366-51440309,CDKN2C,+
XLOC_000439,chr1,51525508,51525577,chr1:51525508-51525577,MIR4421,+
XLOC_000440,chr1,51525689,51525775,chr1:51525689-51525775,MIR6500,+
XLOC_000441,chr1,51567905,51613754,chr1:51567905-51613754,C1orf185,+
XLOC_000442,chr1,51701944,51739119,chr1:51701944-51739119,RNF11,+
XLOC_000443,chr1,51752929,51810788,chr1:51752929-51810788,TTC39A-AS1,+
XLOC_000444,chr1,52082545,52344609,chr1:52082545-52344609,OSBPL9,+
XLOC_000445,chr1,52485802,52557788,chr1:52485802-52557788,TXNDC12-AS1,+
XLOC_000446,chr1,52485802,52557788,chr1:52485802-52557788,BTF3L4,+
XLOC_000447,chr1,52607765,52832140,chr1:52607765-52832140,ZFYVE9,+
XLOC_000448,chr1,52870218,52888308,chr1:52870218-52888308,PRPF38A,+
XLOC_000449,chr1,53057452,53075793,chr1:53057452-53075793,GPX7,+
XLOC_000450,chr1,53082537,53164038,chr1:53082537-53164038,FAM159A,+
XLOC_000451,chr1,53192130,53293048,chr1:53192130-53293048,ZYG11B,+
XLOC_000452,chr1,53308182,53387458,chr1:53308182-53387458,ZYG11A,+
XLOC_000453,chr1,53392900,53517289,chr1:53392900-53517289,SCP2,+
XLOC_000454,chr1,53392900,53517289,chr1:53392900-53517289,MIR1273F,+
XLOC_000455,chr1,53392900,53517289,chr1:53392900-53517289,MIR5095,+
XLOC_000456,chr1,53392900,53517289,chr1:53392900-53517289,MIR1273G,+
XLOC_000457,chr1,53527723,53551174,chr1:53527723-53551174,PODN,+
XLOC_000458,chr1,53662100,53686311,chr1:53662100-53686311,CPT2,+
XLOC_000459,chr1,53692048,53793821,chr1:53692048-53793821,LOC100507564,+
XLOC_000460,chr1,53793904,53804850,chr1:53793904-53804850,LOC105378732,+
XLOC_000461,chr1,53925071,53933160,chr1:53925071-53933160,DMRTB1,+
XLOC_000462,chr1,54317282,54411966,chr1:54317282-54411966,DIO1,+
XLOC_000463,chr1,54317282,54411966,chr1:54317282-54411966,HSPB11,+
XLOC_000464,chr1,54317282,54411966,chr1:54317282-54411966,HSPB11,+
XLOC_000465,chr1,54411998,54433861,chr1:54411998-54433861,LRRC42,+
XLOC_000466,chr1,54492353,54578192,chr1:54492353-54578192,TCEANC2,+
XLOC_000467,chr1,54492353,54578192,chr1:54492353-54578192,MIR4781,+
XLOC_000468,chr1,54665839,54872515,chr1:54665839-54872515,MRPL37,+
XLOC_000469,chr1,54665839,54872515,chr1:54665839-54872515,SSBP3-AS1,+
XLOC_000470,chr1,55013806,55100417,chr1:55013806-55100417,ACOT11,+
XLOC_000471,chr1,55107412,55208328,chr1:55107412-55208328,MROH7|MROH7-TTC4|TTC4,+
XLOC_000472,chr1,55271735,55307937,chr1:55271735-55307937,C1orf177,+
XLOC_000473,chr1,55446336,55457966,chr1:55446336-55457966,TMEM61,+
XLOC_000474,chr1,55464616,55474465,chr1:55464616-55474465,BSND,+
XLOC_000475,chr1,55505148,55530526,chr1:55505148-55530526,PCSK9,+
XLOC_000476,chr1,55532031,55683128,chr1:55532031-55683128,USP24,+
XLOC_000477,chr1,55532031,55683128,chr1:55532031-55683128,LOC100507634,+
XLOC_000478,chr1,55691313,55691396,chr1:55691313-55691396,MIR4422,+
XLOC_000479,chr1,57110989,57181008,chr1:57110989-57181008,PRKAA2,+
XLOC_000480,chr1,57320442,57383894,chr1:57320442-57383894,C8A,+
XLOC_000481,chr1,57463578,58716211,chr1:57463578-58716211,DAB1-AS1,+
XLOC_000482,chr1,59250074,59369319,chr1:59250074-59369319,LINC01135,+
XLOC_000483,chr1,59486097,59553919,chr1:59486097-59553919,LINC01358,+
XLOC_000484,chr1,59762166,60232909,chr1:59762166-60232909,FGGY,+
XLOC_000485,chr1,60238466,60254501,chr1:60238466-60254501,LOC101926944,+
XLOC_000486,chr1,60280532,60342050,chr1:60280532-60342050,HOOK1,+
XLOC_000487,chr1,61542945,61928460,chr1:61542945-61928460,NFIA,+
XLOC_000488,chr1,62119913,62121800,chr1:62119913-62121800,MGC34796,+
XLOC_000489,chr1,62208083,62629926,chr1:62208083-62629926,INADL,+
XLOC_000490,chr1,62208083,62629926,chr1:62208083-62629926,MIR3116-1,+
XLOC_000491,chr1,62659992,62678279,chr1:62659992-62678279,L1TD1,+
XLOC_000492,chr1,62901974,62917656,chr1:62901974-62917656,USP1,+
XLOC_000493,chr1,62920396,63158446,chr1:62920396-63158446,ANGPTL3,+
XLOC_000494,chr1,62920396,63158446,chr1:62920396-63158446,NA,+
XLOC_000495,chr1,63249579,63330952,chr1:63249579-63330952,ATG4C,+
XLOC_000496,chr1,63786554,63790797,chr1:63786554-63790797,FOXD3,+
XLOC_000497,chr1,63833260,63988944,chr1:63833260-63988944,ALG6,+
XLOC_000498,chr1,63988956,64038364,chr1:63988956-64038364,DLEU2L|EFCAB7,+
XLOC_000499,chr1,64057814,64125916,chr1:64057814-64125916,PGM1,+
XLOC_000500,chr1,64238979,64647302,chr1:64238979-64647302,ROR1,+
XLOC_000501,chr1,64669489,64710027,chr1:64669489-64710027,UBE2U,+
XLOC_000502,chr1,64936475,65158741,chr1:64936475-65158741,CACHD1,+
XLOC_000503,chr1,64936475,65158741,chr1:64936475-65158741,MIR4794,+
XLOC_000504,chr1,65210652,65432187,chr1:65210652-65432187,RAVER2,+
XLOC_000505,chr1,65507546,65534350,chr1:65507546-65534350,MIR3671,+
XLOC_000506,chr1,65613231,65697828,chr1:65613231-65697828,AK4,+
XLOC_000507,chr1,65730376,65881552,chr1:65730376-65881552,DNAJC6,+
XLOC_000508,chr1,65886130,66103176,chr1:65886130-66103176,LEPR|LEPROT,+
XLOC_000509,chr1,66258192,66840262,chr1:66258192-66840262,PDE4B,+
XLOC_000510,chr1,66999251,67216822,chr1:66999251-67216822,SGIP1,+
XLOC_000511,chr1,66999251,67216822,chr1:66999251-67216822,MIR3117,+
XLOC_000512,chr1,67218139,67244730,chr1:67218139-67244730,TCTEX1D1,+
XLOC_000513,chr1,67390577,67454302,chr1:67390577-67454302,MIER1,+
XLOC_000514,chr1,67632168,67725650,chr1:67632168-67725650,IL23R,+
XLOC_000515,chr1,67773046,67896780,chr1:67773046-67896780,IL12RB2,+
XLOC_000516,chr1,68150754,68155268,chr1:68150754-68155268,GADD45A,+
XLOC_000517,chr1,68167148,68698284,chr1:68167148-68698284,GNG12-AS1,+
XLOC_000518,chr1,68939834,69004310,chr1:68939834-69004310,DEPDC1-AS1,+
XLOC_000519,chr1,70225857,70589171,chr1:70225857-70589171,LRRC7,+
XLOC_000520,chr1,70225857,70589171,chr1:70225857-70589171,PIN1P1,+
XLOC_000521,chr1,70610221,70718428,chr1:70610221-70718428,SRSF11,+
XLOC_000522,chr1,70724153,70833705,chr1:70724153-70833705,HHLA3,+
XLOC_000523,chr1,70876900,70906421,chr1:70876900-70906421,CTH,+
XLOC_000524,chr1,71172135,71252151,chr1:71172135-71252151,LOC101927244,+
XLOC_000525,chr1,71318035,71546972,chr1:71318035-71546972,ZRANB2-AS1,+
XLOC_000526,chr1,71318035,71546972,chr1:71318035-71546972,ZRANB2,+
XLOC_000527,chr1,71547006,71703406,chr1:71547006-71703406,ZRANB2-AS2,+
XLOC_000528,chr1,73771852,73804560,chr1:73771852-73804560,LINC01360,+
XLOC_000529,chr1,74663895,75010116,chr1:74663895-75010116,FPGT|FPGT-TNNI3K|TNNI3K,+
XLOC_000530,chr1,75033794,75139422,chr1:75033794-75139422,ERICH3-AS1,+
XLOC_000531,chr1,75166933,75233142,chr1:75166933-75233142,TYW3,+
XLOC_000532,chr1,75594118,75627218,chr1:75594118-75627218,LHX8,+
XLOC_000533,chr1,76190031,76229615,chr1:76190031-76229615,ACADM,+
XLOC_000534,chr1,76251878,76260837,chr1:76251878-76260837,RABGGTB|SNORD45A|SNORD45B|SNORD45C,+
XLOC_000535,chr1,76262555,76378923,chr1:76262555-76378923,MSH4,+
XLOC_000536,chr1,76477008,76485041,chr1:76477008-76485041,LOC101927342,+
XLOC_000537,chr1,76540388,77096930,chr1:76540388-77096930,ST6GALNAC3,+
XLOC_000538,chr1,77333185,77529737,chr1:77333185-77529737,ST6GALNAC5,+
XLOC_000539,chr1,77333185,77529737,chr1:77333185-77529737,MIR7156,+
XLOC_000540,chr1,77747661,78149687,chr1:77747661-78149687,AK5,+
XLOC_000541,chr1,78245308,78345556,chr1:78245308-78345556,FAM73A,+
XLOC_000542,chr1,78347032,78489520,chr1:78347032-78489520,NEXN,+
XLOC_000543,chr1,78347032,78489520,chr1:78347032-78489520,DNAJB4,+
XLOC_000544,chr1,78510645,78604133,chr1:78510645-78604133,GIPC2,+
XLOC_000545,chr1,78695282,78835147,chr1:78695282-78835147,MGC27382,+
XLOC_000546,chr1,78956727,79006386,chr1:78956727-79006386,PTGFR,+
XLOC_000547,chr1,79086065,79129980,chr1:79086065-79129980,IFI44|IFI44L,+
XLOC_000548,chr1,79130802,79132946,chr1:79130802-79132946,NA,+
XLOC_000549,chr1,81001439,81112612,chr1:81001439-81112612,LOC101927412,+
XLOC_000550,chr1,82165454,82458422,chr1:82165454-82458422,ADGRL2,+
XLOC_000551,chr1,84543657,84704311,chr1:84543657-84704311,PRKACB,+
XLOC_000552,chr1,84764048,84816481,chr1:84764048-84816481,SAMD13,+
XLOC_000553,chr1,84864214,84880691,chr1:84864214-84880691,DNASE2B,+
XLOC_000554,chr1,84944919,85041411,chr1:84944919-85041411,RPF1|SPATA1,+
XLOC_000555,chr1,85527980,85598821,chr1:85527980-85598821,WDR63,+
XLOC_000556,chr1,85599476,85599556,chr1:85599476-85599556,MIR4423,+
XLOC_000557,chr1,85726628,85756248,chr1:85726628-85756248,LOC646626,+
XLOC_000558,chr1,86046443,86049648,chr1:86046443-86049648,CYR61,+
XLOC_000559,chr1,86889768,86922240,chr1:86889768-86922240,CLCA2,+
XLOC_000560,chr1,86934525,86965974,chr1:86934525-86965974,CLCA1,+
XLOC_000561,chr1,87012758,87046432,chr1:87012758-87046432,CLCA4,+
XLOC_000562,chr1,87099958,87121059,chr1:87099958-87121059,CLCA3P,+
XLOC_000563,chr1,87170252,87213867,chr1:87170252-87213867,SH3GLB1,+
XLOC_000564,chr1,87380334,87634886,chr1:87380334-87634886,HS2ST1|LINC01140,+
XLOC_000565,chr1,87678351,87717014,chr1:87678351-87717014,LOC101927844,+
XLOC_000566,chr1,87794150,87814607,chr1:87794150-87814607,LMO4,+
XLOC_000567,chr1,89003195,89302478,chr1:89003195-89302478,PKN2,+
XLOC_000568,chr1,89469623,89531043,chr1:89469623-89531043,GBP3,+
XLOC_000569,chr1,89829435,89853719,chr1:89829435-89853719,GBP6,+
XLOC_000570,chr1,89873237,89890493,chr1:89873237-89890493,GBP1P1,+
XLOC_000571,chr1,89990115,90064852,chr1:89990115-90064852,LRRC8B,+
XLOC_000572,chr1,90088541,90185265,chr1:90088541-90185265,LRRC8C,+
XLOC_000573,chr1,90283957,90405123,chr1:90283957-90405123,LRRC8D,+
XLOC_000574,chr1,90460567,90501762,chr1:90460567-90501762,ZNF326,+
XLOC_000575,chr1,91966403,91991321,chr1:91966403-91991321,CDC7,+
XLOC_000576,chr1,92414927,92479985,chr1:92414927-92479985,BRDT,+
XLOC_000577,chr1,92495532,92529093,chr1:92495532-92529093,EPHX4,+
XLOC_000578,chr1,92545861,92867643,chr1:92545861-92867643,BTBD8|C1orf146|KIAA1107,+
XLOC_000579,chr1,92545861,92867643,chr1:92545861-92867643,RPAP2,+
XLOC_000580,chr1,93290504,93435920,chr1:93290504-93435920,RPL5,+
XLOC_000581,chr1,93290504,93435920,chr1:93290504-93435920,SNORD21,+
XLOC_000582,chr1,93290504,93435920,chr1:93290504-93435920,SNORA66,+
XLOC_000583,chr1,93544767,93609488,chr1:93544767-93609488,MTF2,+
XLOC_000584,chr1,93615298,93828148,chr1:93615298-93828148,CCDC18,+
XLOC_000585,chr1,93615298,93828148,chr1:93615298-93828148,DR1,+
XLOC_000586,chr1,93913687,94020614,chr1:93913687-94020614,FNBP1L,+
XLOC_000587,chr1,94024897,94314099,chr1:94024897-94314099,BCAR3,+
XLOC_000588,chr1,94024897,94314099,chr1:94024897-94314099,LOC100129046,+
XLOC_000589,chr1,94024897,94314099,chr1:94024897-94314099,MIR760,+
XLOC_000590,chr1,94883932,94984743,chr1:94883932-94984743,ABCD3,+
XLOC_000591,chr1,95285897,95360803,chr1:95285897-95360803,SLC44A3,+
XLOC_000592,chr1,95393583,95428826,chr1:95393583-95428826,LOC729970,+
XLOC_000593,chr1,95558072,95749400,chr1:95558072-95749400,RWDD3|TMEM56|TMEM56-RWDD3,+
XLOC_000594,chr1,95940292,95944912,chr1:95940292-95944912,FLJ31662,+
XLOC_000595,chr1,95975671,95981020,chr1:95975671-95981020,LOC100996635,+
XLOC_000596,chr1,96457623,96488436,chr1:96457623-96488436,LOC102723661,+
XLOC_000597,chr1,97187160,97289275,chr1:97187160-97289275,PTBP2,+
XLOC_000598,chr1,97543299,98386615,chr1:97543299-98386615,DPYD-AS1,+
XLOC_000599,chr1,97543299,98386615,chr1:97543299-98386615,DPYD,+
XLOC_000600,chr1,97543299,98386615,chr1:97543299-98386615,DPYD,+
XLOC_000601,chr1,97543299,98386615,chr1:97543299-98386615,DPYD,+
XLOC_000602,chr1,97543299,98386615,chr1:97543299-98386615,DPYD,+
XLOC_000603,chr1,97543299,98386615,chr1:97543299-98386615,DPYD,+
XLOC_000604,chr1,97543299,98386615,chr1:97543299-98386615,DPYD,+
XLOC_000605,chr1,97543299,98386615,chr1:97543299-98386615,DPYD,+
XLOC_000606,chr1,97543299,98386615,chr1:97543299-98386615,DPYD,+
XLOC_000607,chr1,97543299,98386615,chr1:97543299-98386615,DPYD,+
XLOC_000608,chr1,97543299,98386615,chr1:97543299-98386615,DPYD-AS2,+
XLOC_000609,chr1,98676266,98738214,chr1:98676266-98738214,LOC729987,+
XLOC_000610,chr1,99127235,99226056,chr1:99127235-99226056,SNX7,+
XLOC_000611,chr1,99355800,99614408,chr1:99355800-99614408,LOC100129620,+
XLOC_000612,chr1,99729847,99775138,chr1:99729847-99775138,LPPR4,+
XLOC_000613,chr1,100111430,100231349,chr1:100111430-100231349,PALMD,+
XLOC_000614,chr1,100315639,100389579,chr1:100315639-100389579,AGL,+
XLOC_000615,chr1,100435057,100715409,chr1:100435057-100715409,HIAT1|SLC35A3,+
XLOC_000616,chr1,100435057,100715409,chr1:100435057-100715409,TRMT13,+
XLOC_000617,chr1,100724059,100759245,chr1:100724059-100759245,MIR553|RTCA,+
XLOC_000618,chr1,100818013,100985833,chr1:100818013-100985833,CDC14A,+
XLOC_000619,chr1,101003727,101007583,chr1:101003727-101007583,GPR88,+
XLOC_000620,chr1,101185195,101204601,chr1:101185195-101204601,VCAM1,+
XLOC_000621,chr1,101361631,101451338,chr1:101361631-101451338,SLC30A7,+
XLOC_000622,chr1,101453931,101552935,chr1:101453931-101552935,LOC102606465,+
XLOC_000623,chr1,101694234,101712738,chr1:101694234-101712738,S1PR1,+
XLOC_000624,chr1,101789392,101842869,chr1:101789392-101842869,LINC01307,+
XLOC_000625,chr1,101864554,101865443,chr1:101864554-101865443,NA,+
XLOC_000626,chr1,102268122,102462790,chr1:102268122-102462790,DNAJA1P5,+
XLOC_000627,chr1,104068311,104301311,chr1:104068311-104301311,AMY1A|AMY2B|RNPC3,+
XLOC_000628,chr1,104068311,104301311,chr1:104068311-104301311,ACTG1P4,+
XLOC_000629,chr1,104068311,104301311,chr1:104068311-104301311,AMY2A,+
XLOC_000630,chr1,104615644,104619693,chr1:104615644-104619693,LOC100129138,+
XLOC_000631,chr1,107599130,107605528,chr1:107599130-107605528,PRMT6,+
XLOC_000632,chr1,107682628,108024475,chr1:107682628-108024475,NTNG1,+
XLOC_000633,chr1,108113325,108538151,chr1:108113325-108538151,MIR7852,+
XLOC_000634,chr1,108113325,108538151,chr1:108113325-108538151,VAV3-AS1,+
XLOC_000635,chr1,108992903,109013260,chr1:108992903-109013260,NBPF6,+
XLOC_000636,chr1,109102768,109182040,chr1:109102768-109182040,FAM102B,+
XLOC_000637,chr1,109233383,109246444,chr1:109233383-109246444,PRPF38B,+
XLOC_000638,chr1,109255555,109285367,chr1:109255555-109285367,FNDC7,+
XLOC_000639,chr1,109289284,109352148,chr1:109289284-109352148,STXBP3,+
XLOC_000640,chr1,109358519,109401146,chr1:109358519-109401146,SPATA42,+
XLOC_000641,chr1,109419602,109506135,chr1:109419602-109506135,GPSM2,+
XLOC_000642,chr1,109633319,109640030,chr1:109633319-109640030,TMEM167B,+
XLOC_000643,chr1,109642747,109646469,chr1:109642747-109646469,SCARNA2,+
XLOC_000644,chr1,109656584,109749403,chr1:109656584-109749403,KIAA1324,+
XLOC_000645,chr1,109756442,109784401,chr1:109756442-109784401,SARS,+
XLOC_000646,chr1,109792640,109818378,chr1:109792640-109818378,CELSR2,+
XLOC_000647,chr1,110009099,110024764,chr1:110009099-110024764,SYPL2,+
XLOC_000648,chr1,110026490,110035802,chr1:110026490-110035802,ATXN7L2,+
XLOC_000649,chr1,110036657,110043180,chr1:110036657-110043180,CYB561D1,+
XLOC_000650,chr1,110082493,110088455,chr1:110082493-110088455,GPR61,+
XLOC_000651,chr1,110090560,110141462,chr1:110090560-110141462,GNAI3,+
XLOC_000652,chr1,110141514,110141589,chr1:110141514-110141589,MIR197,+
XLOC_000653,chr1,110162434,110174677,chr1:110162434-110174677,AMPD2,+
XLOC_000654,chr1,110198697,110208995,chr1:110198697-110208995,GSTM4,+
XLOC_000655,chr1,110209880,110226619,chr1:110209880-110226619,GSTM2,+
XLOC_000656,chr1,110229953,110239073,chr1:110229953-110239073,GSTM1,+
XLOC_000657,chr1,110254863,110260890,chr1:110254863-110260890,GSTM5,+
XLOC_000658,chr1,110452852,110473616,chr1:110452852-110473616,CSF1,+
XLOC_000659,chr1,110527386,110566378,chr1:110527386-110566378,AHCYL1,+
XLOC_000660,chr1,110574198,110613322,chr1:110574198-110613322,STRIP1,+
XLOC_000661,chr1,110625309,110652341,chr1:110625309-110652341,LINC01397,+
XLOC_000662,chr1,110655061,110656569,chr1:110655061-110656569,UBL4B,+
XLOC_000663,chr1,110693131,110744823,chr1:110693131-110744823,SLC6A17,+
XLOC_000664,chr1,110751072,110791409,chr1:110751072-110791409,KCNC4,+
XLOC_000665,chr1,110828998,110933704,chr1:110828998-110933704,RBM15,+
XLOC_000666,chr1,110943876,110958896,chr1:110943876-110958896,LAMTOR5-AS1,+
XLOC_000667,chr1,110993787,110999976,chr1:110993787-110999976,PROK1,+
XLOC_000668,chr1,111023387,111033891,chr1:111023387-111033891,CYMP,+
XLOC_000669,chr1,111413804,111506903,chr1:111413804-111506903,CD53,+
XLOC_000670,chr1,111659661,111747178,chr1:111659661-111747178,CEPT1,+
XLOC_000671,chr1,111768588,111786062,chr1:111768588-111786062,CHI3L2,+
XLOC_000672,chr1,111823145,111828730,chr1:111823145-111828730,CHIAP2,+
XLOC_000673,chr1,111833473,111863188,chr1:111833473-111863188,CHIA,+
XLOC_000674,chr1,111889181,111895639,chr1:111889181-111895639,PIFO,+
XLOC_000675,chr1,111956027,112021134,chr1:111956027-112021134,ATP5F1|C1orf162,+
XLOC_000676,chr1,112162404,112260946,chr1:112162404-112260946,RAP1A,+
XLOC_000677,chr1,112261057,112317236,chr1:112261057-112317236,FAM212B-AS1,+
XLOC_000678,chr1,112261057,112317236,chr1:112261057-112317236,DDX20,+
XLOC_000679,chr1,112318453,112531777,chr1:112318453-112531777,KCND3-AS1,+
XLOC_000680,chr1,112533189,112541463,chr1:112533189-112541463,LOC643355,+
XLOC_000681,chr1,112938799,113003786,chr1:112938799-113003786,CTTNBP2NL,+
XLOC_000682,chr1,113009162,113250025,chr1:113009162-113250025,WNT2B,+
XLOC_000683,chr1,113009162,113250025,chr1:113009162-113250025,CAPZA1|MOV10,+
XLOC_000684,chr1,113263188,113269856,chr1:113263188-113269856,FAM19A3,+
XLOC_000685,chr1,113454469,113551349,chr1:113454469-113551349,AKR7A2P1,+
XLOC_000686,chr1,113454469,113551349,chr1:113454469-113551349,SLC16A1-AS1,+
XLOC_000687,chr1,113615791,113674869,chr1:113615791-113674869,LRIG2,+
XLOC_000688,chr1,113933474,114233483,chr1:113933474-114233483,MAGI3,+
XLOC_000689,chr1,114239351,114302060,chr1:114239351-114302060,PHTF1,+
XLOC_000690,chr1,114304453,114355098,chr1:114304453-114355098,RSBN1,+
XLOC_000691,chr1,114355233,114456708,chr1:114355233-114456708,AP4B1-AS1|DCLRE1B,+
XLOC_000692,chr1,114355233,114456708,chr1:114355233-114456708,PTPN22,+
XLOC_000693,chr1,114355233,114456708,chr1:114355233-114456708,PTPN22,+
XLOC_000694,chr1,114355233,114456708,chr1:114355233-114456708,PTPN22,+
XLOC_000695,chr1,114355233,114456708,chr1:114355233-114456708,PTPN22,+
XLOC_000696,chr1,114355233,114456708,chr1:114355233-114456708,PTPN22,+
XLOC_000697,chr1,114355233,114456708,chr1:114355233-114456708,PTPN22,+
XLOC_000698,chr1,114466622,114520491,chr1:114466622-114520491,HIPK1,+
XLOC_000699,chr1,114522012,114524876,chr1:114522012-114524876,OLFML3,+
XLOC_000700,chr1,115397423,115537990,chr1:115397423-115537990,SYCP1,+
XLOC_000701,chr1,115572444,115576930,chr1:115572444-115576930,TSHB,+
XLOC_000702,chr1,116184573,116240845,chr1:116184573-116240845,VANGL1,+
XLOC_000703,chr1,116461996,116613157,chr1:116461996-116613157,LOC101928995,+
XLOC_000704,chr1,116461996,116613157,chr1:116461996-116613157,SLC22A15,+
XLOC_000705,chr1,116654375,116677861,chr1:116654375-116677861,MAB21L3,+
XLOC_000706,chr1,116915794,116961244,chr1:116915794-116961244,ATP1A1,+
XLOC_000707,chr1,117214370,117214449,chr1:117214370-117214449,MIR320B1,+
XLOC_000708,chr1,117236733,117249225,chr1:117236733-117249225,C1orf137,+
XLOC_000709,chr1,117296802,117311851,chr1:117296802-117311851,CD2,+
XLOC_000710,chr1,117452544,117532980,chr1:117452544-117532980,PTGFRN,+
XLOC_000711,chr1,117544371,117602112,chr1:117544371-117602112,CD101,+
XLOC_000712,chr1,117602934,117650226,chr1:117602934-117650226,TTF2,+
XLOC_000713,chr1,117602934,117650226,chr1:117602934-117650226,MIR942,+
XLOC_000714,chr1,117838087,117863958,chr1:117838087-117863958,LINC01525,+
XLOC_000715,chr1,117907170,118071874,chr1:117907170-118071874,MAN1A2,+
XLOC_000716,chr1,118148603,118171011,chr1:118148603-118171011,FAM46C,+
XLOC_000717,chr1,118373800,118727848,chr1:118373800-118727848,WDR3,+
XLOC_000718,chr1,119573838,119818596,chr1:119573838-119818596,WARS2-IT1,+
XLOC_000719,chr1,119573838,119818596,chr1:119573838-119818596,LOC101929147,+
XLOC_000720,chr1,119911398,119936753,chr1:119911398-119936753,HAO2,+
XLOC_000721,chr1,119911398,119936753,chr1:119911398-119936753,HAO2-IT1,+
XLOC_000722,chr1,119957553,119965662,chr1:119957553-119965662,HSD3B2,+
XLOC_000723,chr1,120049825,120057681,chr1:120049825-120057681,HSD3B1,+
XLOC_000724,chr1,120106502,120115199,chr1:120106502-120115199,HSD3BP4,+
XLOC_000725,chr1,120254418,120286849,chr1:120254418-120286849,PHGDH,+
XLOC_000726,chr1,120839004,120855681,chr1:120839004-120855681,FAM72B,+
XLOC_000727,chr1,120906033,120914842,chr1:120906033-120914842,HIST2H2BA,+
XLOC_000728,chr1,121089437,121139765,chr1:121089437-121139765,SRGAP2B|SRGAP2D,+
XLOC_000729,chr1,121260909,121313686,chr1:121260909-121313686,EMBP1,+
XLOC_000730,chr1,142796844,142891006,chr1:142796844-142891006,NA,+
XLOC_000731,chr1,143118962,143202239,chr1:143118962-143202239,LOC102723769,+
XLOC_000732,chr1,143118962,143202239,chr1:143118962-143202239,LOC102723769,+
XLOC_000733,chr1,143231310,143235397,chr1:143231310-143235397,NA,+
XLOC_000734,chr1,143672920,143673002,chr1:143672920-143673002,MIR6077,+
XLOC_000735,chr1,143687126,143717173,chr1:143687126-143717173,LOC100132057,+
XLOC_000736,chr1,143717423,143745559,chr1:143717423-143745559,LINC01138,+
XLOC_000737,chr1,143913350,144094766,chr1:143913350-144094766,NA,+
XLOC_000738,chr1,144146810,146467744,chr1:144146810-146467744,NBPF10|NBPF12|NBPF20|NBPF25P|NBPF8|NBPF9|NOTCH2NL,+
XLOC_000739,chr1,144146810,146467744,chr1:144146810-146467744,PDE4DIP,+
XLOC_000740,chr1,144146810,146467744,chr1:144146810-146467744,SEC22B,+
XLOC_000741,chr1,144146810,146467744,chr1:144146810-146467744,HFE2,+
XLOC_000742,chr1,144146810,146467744,chr1:144146810-146467744,TXNIP,+
XLOC_000743,chr1,144146810,146467744,chr1:144146810-146467744,ANKRD34A,+
XLOC_000744,chr1,144146810,146467744,chr1:144146810-146467744,LIX1L,+
XLOC_000745,chr1,144146810,146467744,chr1:144146810-146467744,RBM8A,+
XLOC_000746,chr1,144146810,146467744,chr1:144146810-146467744,PEX11B,+
XLOC_000747,chr1,144146810,146467744,chr1:144146810-146467744,ITGA10,+
XLOC_000748,chr1,144146810,146467744,chr1:144146810-146467744,ANKRD35,+
XLOC_000749,chr1,144146810,146467744,chr1:144146810-146467744,PIAS3,+
XLOC_000750,chr1,144146810,146467744,chr1:144146810-146467744,MIR6736,+
XLOC_000751,chr1,144146810,146467744,chr1:144146810-146467744,CD160|RNF115,+
XLOC_000752,chr1,144146810,146467744,chr1:144146810-146467744,PDZK1,+
XLOC_000753,chr1,146624004,146697271,chr1:146624004-146697271,PDIA3P1,+
XLOC_000754,chr1,146714279,146767669,chr1:146714279-146767669,CHD1L,+
XLOC_000755,chr1,147013270,147098020,chr1:147013270-147098020,BCL9,+
XLOC_000756,chr1,147374945,147381395,chr1:147374945-147381395,GJA8,+
XLOC_000757,chr1,147400505,147465753,chr1:147400505-147465753,GPR89B,+
XLOC_000758,chr1,147574322,149109725,chr1:147574322-149109725,MIR6077,+
XLOC_000759,chr1,147574322,149109725,chr1:147574322-149109725,LOC100132057,+
XLOC_000760,chr1,147574322,149109725,chr1:147574322-149109725,RNVU1-19,+
XLOC_000761,chr1,147574322,149109725,chr1:147574322-149109725,NBPF15,+
XLOC_000762,chr1,147574322,149109725,chr1:147574322-149109725,PPIAL4E,+
XLOC_000763,chr1,147574322,149109725,chr1:147574322-149109725,DRD5P2,+
XLOC_000764,chr1,147574322,149109725,chr1:147574322-149109725,LOC645166,+
XLOC_000765,chr1,149286960,149296395,chr1:149286960-149296395,LOC388692,+
XLOC_000766,chr1,149369293,149378303,chr1:149369293-149378303,FCGR1C,+
XLOC_000767,chr1,149553002,149553787,chr1:149553002-149553787,PPIAL4C,+
XLOC_000768,chr1,149575481,149672983,chr1:149575481-149672983,LINC00623|LINC00869|LOC103091866,+
XLOC_000769,chr1,149575481,149672983,chr1:149575481-149672983,RNVU1-20,+
XLOC_000770,chr1,149754244,149785239,chr1:149754244-149785239,FCGR1A,+
XLOC_000771,chr1,149804220,149824687,chr1:149804220-149824687,HIST2H4A,+
XLOC_000772,chr1,149804220,149824687,chr1:149804220-149824687,NA,+
XLOC_000773,chr1,149804220,149824687,chr1:149804220-149824687,HIST2H2BC,+
XLOC_000774,chr1,149804220,149824687,chr1:149804220-149824687,HIST2H2AA3,+
XLOC_000775,chr1,149804220,149824687,chr1:149804220-149824687,HIST2H3A,+
XLOC_000776,chr1,149847348,149858961,chr1:149847348-149858961,HIST2H2AC,+
XLOC_000777,chr1,149871134,149872348,chr1:149871134-149872348,BOLA1,+
XLOC_000778,chr1,150039349,150117745,chr1:150039349-150117745,VPS45,+
XLOC_000779,chr1,150121623,150163881,chr1:150121623-150163881,PLEKHO1,+
XLOC_000780,chr1,150230137,150243251,chr1:150230137-150243251,CA14,+
XLOC_000781,chr1,150244686,150253335,chr1:150244686-150253335,C1orf54,+
XLOC_000782,chr1,150254942,150259504,chr1:150254942-150259504,CIART,+
XLOC_000783,chr1,150266214,150282451,chr1:150266214-150282451,MRPS21,+
XLOC_000784,chr1,150293927,150332431,chr1:150293927-150332431,PRPF3,+
XLOC_000785,chr1,150333822,150451510,chr1:150333822-150451510,RPRD2,+
XLOC_000786,chr1,150459676,150556548,chr1:150459676-150556548,ECM1|TARS2,+
XLOC_000787,chr1,150459676,150556548,chr1:150459676-150556548,MIR6878,+
XLOC_000788,chr1,150459676,150556548,chr1:150459676-150556548,FALEC,+
XLOC_000789,chr1,150459676,150556548,chr1:150459676-150556548,ADAMTSL4|MIR4257,+
XLOC_000790,chr1,150898764,150947578,chr1:150898764-150947578,SETDB1,+
XLOC_000791,chr1,150954498,150980854,chr1:150954498-150980854,ANXA9,+
XLOC_000792,chr1,150980866,151008506,chr1:150980866-151008506,PRUNE,+
XLOC_000793,chr1,151009028,151098020,chr1:151009028-151098020,BNIPL|C1orf56,+
XLOC_000794,chr1,151009028,151098020,chr1:151009028-151098020,MLLT11,+
XLOC_000795,chr1,151009028,151098020,chr1:151009028-151098020,GABPB2,+
XLOC_000796,chr1,151129104,151162697,chr1:151129104-151162697,SCNM1|TNFAIP8L2|TNFAIP8L2-SCNM1,+
XLOC_000797,chr1,151170997,151222605,chr1:151170997-151222605,PIP5K1A,+
XLOC_000798,chr1,151227196,151239954,chr1:151227196-151239954,PSMD4,+
XLOC_000799,chr1,151254030,151300221,chr1:151254030-151300221,ZNF687,+
XLOC_000800,chr1,151305532,151320367,chr1:151305532-151320367,GBAT2,+
XLOC_000801,chr1,151372021,151431941,chr1:151372021-151431941,PSMB4,+
XLOC_000802,chr1,151483861,151511167,chr1:151483861-151511167,CGN,+
XLOC_000803,chr1,151512780,151556059,chr1:151512780-151556059,TUFT1,+
XLOC_000804,chr1,151512780,151556059,chr1:151512780-151556059,MIR554,+
XLOC_000805,chr1,151584518,151671832,chr1:151584518-151671832,SNX27,+
XLOC_000806,chr1,151694012,151702082,chr1:151694012-151702082,RIIAD1,+
XLOC_000807,chr1,151729556,151763010,chr1:151729556-151763010,OAZ3,+
XLOC_000808,chr1,151810338,151828821,chr1:151810338-151828821,LOC100132111,+
XLOC_000809,chr1,151990753,151994985,chr1:151990753-151994985,NBPF18P,+
XLOC_000810,chr1,152274650,152339168,chr1:152274650-152339168,FLG-AS1,+
XLOC_000811,chr1,152483319,152484653,chr1:152483319-152484653,LCE5A,+
XLOC_000812,chr1,152486977,152488481,chr1:152486977-152488481,CRCT1,+
XLOC_000813,chr1,152573137,152573562,chr1:152573137-152573562,LCE3C,+
XLOC_000814,chr1,152586286,152586574,chr1:152586286-152586574,LCE3B,+
XLOC_000815,chr1,152635886,152637135,chr1:152635886-152637135,LCE2D,+
XLOC_000816,chr1,152647790,152649049,chr1:152647790-152649049,LCE2C,+
XLOC_000817,chr1,152658598,152659876,chr1:152658598-152659876,LCE2B,+
XLOC_000818,chr1,152670839,152671918,chr1:152670839-152671918,LCE2A,+
XLOC_000819,chr1,152681522,152681910,chr1:152681522-152681910,LCE4A,+
XLOC_000820,chr1,152691997,152692905,chr1:152691997-152692905,C1orf68,+
XLOC_000821,chr1,152730505,152734529,chr1:152730505-152734529,KPRP,+
XLOC_000822,chr1,152748847,152749445,chr1:152748847-152749445,LCE1F,+
XLOC_000823,chr1,152758752,152760901,chr1:152758752-152760901,LCE1E,+
XLOC_000824,chr1,152769226,152770657,chr1:152769226-152770657,LCE1D,+
XLOC_000825,chr1,152784446,152785585,chr1:152784446-152785585,LCE1B,+
XLOC_000826,chr1,152799948,152800573,chr1:152799948-152800573,LCE1A,+
XLOC_000827,chr1,152815329,152816459,chr1:152815329-152816459,LCE6A,+
XLOC_000828,chr1,152850797,152857523,chr1:152850797-152857523,SMCP,+
XLOC_000829,chr1,152870337,152885504,chr1:152870337-152885504,IVL,+
XLOC_000830,chr1,152943128,152945049,chr1:152943128-152945049,SPRR4,+
XLOC_000831,chr1,152956563,152958290,chr1:152956563-152958290,SPRR1A,+
XLOC_000832,chr1,152974222,152976332,chr1:152974222-152976332,SPRR3,+
XLOC_000833,chr1,153003678,153005376,chr1:153003678-153005376,SPRR1B,+
XLOC_000834,chr1,153146993,153164152,chr1:153146993-153164152,LOC101928009,+
XLOC_000835,chr1,153175905,153177601,chr1:153175905-153177601,LELP1,+
XLOC_000836,chr1,153190059,153191793,chr1:153190059-153191793,PRR9,+
XLOC_000837,chr1,153232178,153234600,chr1:153232178-153234600,LOR,+
XLOC_000838,chr1,153330317,153333503,chr1:153330317-153333503,S100A9,+
XLOC_000839,chr1,153388999,153395701,chr1:153388999-153395701,S100A7A,+
XLOC_000840,chr1,153516094,153524245,chr1:153516094-153524245,LOC101928034,+
XLOC_000841,chr1,153591275,153623867,chr1:153591275-153623867,S100A1,+
XLOC_000842,chr1,153591275,153623867,chr1:153591275-153623867,CHTOP,+
XLOC_000843,chr1,153631129,153643504,chr1:153631129-153643504,SNAPIN,+
XLOC_000844,chr1,153651163,153666468,chr1:153651163-153666468,NPR1,+
XLOC_000845,chr1,153700532,153752639,chr1:153700532-153752639,INTS3|SLC27A3,+
XLOC_000846,chr1,153766422,153768820,chr1:153766422-153768820,LOC343052,+
XLOC_000847,chr1,153769003,153895451,chr1:153769003-153895451,GATAD2B,+
XLOC_000848,chr1,153901923,153951710,chr1:153901923-153951710,CREB3L4,+
XLOC_000849,chr1,153963235,154127592,chr1:153963235-154127592,RPS27,+
XLOC_000850,chr1,154179176,154249005,chr1:154179176-154249005,HAX1|UBAP2L,+
XLOC_000851,chr1,154293591,154297801,chr1:154293591-154297801,AQP10,+
XLOC_000852,chr1,154298001,154323780,chr1:154298001-154323780,ATP8B2,+
XLOC_000853,chr1,154377634,154442714,chr1:154377634-154442714,IL6R,+
XLOC_000854,chr1,154474694,154520623,chr1:154474694-154520623,TDRD10,+
XLOC_000855,chr1,154521043,154531243,chr1:154521043-154531243,UBE2Q1-AS1,+
XLOC_000856,chr1,154540256,154552353,chr1:154540256-154552353,CHRNB2,+
XLOC_000857,chr1,154909712,154951725,chr1:154909712-154951725,CKS1B,+
XLOC_000858,chr1,154909712,154951725,chr1:154909712-154951725,MIR4258,+
XLOC_000859,chr1,154955769,154965588,chr1:154955769-154965588,FLAD1,+
XLOC_000860,chr1,154966061,154966791,chr1:154966061-154966791,LENEP,+
XLOC_000861,chr1,154975105,155060014,chr1:154975105-155060014,ZBTB7B,+
XLOC_000862,chr1,154975105,155060014,chr1:154975105-155060014,DCST1,+
XLOC_000863,chr1,154975105,155060014,chr1:154975105-155060014,ADAM15,+
XLOC_000864,chr1,154975105,155060014,chr1:154975105-155060014,EFNA3|EFNA4,+
XLOC_000865,chr1,155100348,155107386,chr1:155100348-155107386,EFNA1,+
XLOC_000866,chr1,155107819,155111732,chr1:155107819-155111732,SLC50A1,+
XLOC_000867,chr1,155146262,155157447,chr1:155146262-155157447,TRIM46,+
XLOC_000868,chr1,155164967,155165063,chr1:155164967-155165063,MIR92B,+
XLOC_000869,chr1,155165266,155197325,chr1:155165266-155197325,MTX1,+
XLOC_000870,chr1,155200823,155214653,chr1:155200823-155214653,NA,+
XLOC_000871,chr1,155247123,155271225,chr1:155247123-155271225,HCN3,+
XLOC_000872,chr1,155278538,155301605,chr1:155278538-155301605,FDPS,+
XLOC_000873,chr1,155278538,155301605,chr1:155278538-155301605,RUSC1,+
XLOC_000874,chr1,155304543,155537776,chr1:155304543-155537776,POU5F1P4,+
XLOC_000875,chr1,155304543,155537776,chr1:155304543-155537776,ASH1L-AS1,+
XLOC_000876,chr1,155571906,155708800,chr1:155571906-155708800,DAP3,+
XLOC_000877,chr1,155571906,155708800,chr1:155571906-155708800,MSTO1|MSTO2P,+
XLOC_000878,chr1,155715558,155829201,chr1:155715558-155829201,MSTO2P,+
XLOC_000879,chr1,155829259,155855287,chr1:155829259-155855287,SYT11,+
XLOC_000880,chr1,155911479,155960271,chr1:155911479-155960271,RXFP4,+
XLOC_000881,chr1,155911479,155960271,chr1:155911479-155960271,ARHGEF2,+
XLOC_000882,chr1,156024516,156028301,chr1:156024516-156028301,LAMTOR2,+
XLOC_000883,chr1,156030965,156040295,chr1:156030965-156040295,RAB25,+
XLOC_000884,chr1,156052336,156109880,chr1:156052336-156109880,LMNA,+
XLOC_000885,chr1,156117524,156149362,chr1:156117524-156149362,SEMA4A,+
XLOC_000886,chr1,156163722,156182603,chr1:156163722-156182603,SLC25A44,+
XLOC_000887,chr1,156182778,156265480,chr1:156182778-156265480,BGLAP|PMF1|PMF1-BGLAP,+
XLOC_000888,chr1,156182778,156265480,chr1:156182778-156265480,TMEM79,+
XLOC_000889,chr1,156278751,156316785,chr1:156278751-156316785,TSACC,+
XLOC_000890,chr1,156338979,156355013,chr1:156338979-156355013,RHBG,+
XLOC_000891,chr1,156549518,156557938,chr1:156549518-156557938,TTC24,+
XLOC_000892,chr1,156561553,156595517,chr1:156561553-156595517,APOA1BPHAPLN2,+
XLOC_000893,chr1,156611739,156629324,chr1:156611739-156629324,BCAN,+
XLOC_000894,chr1,156686840,156706752,chr1:156686840-156706752,RRNAD1,+
XLOC_000895,chr1,156736607,156851642,chr1:156736607-156851642,PRCC,+
XLOC_000896,chr1,156736607,156851642,chr1:156736607-156851642,NTRK1,+
XLOC_000897,chr1,156863522,156886226,chr1:156863522-156886226,PEAR1,+
XLOC_000898,chr1,156890423,156902880,chr1:156890423-156902880,LRRC71,+
XLOC_000899,chr1,157090791,157108932,chr1:157090791-157108932,ETV3,+
XLOC_000900,chr1,157090791,157108932,chr1:157090791-157108932,CYCSP52,+
XLOC_000901,chr1,157963062,158070052,chr1:157963062-158070052,KIRREL,+
XLOC_000902,chr1,158146497,158156216,chr1:158146497-158156216,CD1D,+
XLOC_000903,chr1,158223926,158228058,chr1:158223926-158228058,CD1A,+
XLOC_000904,chr1,158259560,158264564,chr1:158259560-158264564,CD1C,+
XLOC_000905,chr1,158323485,158327343,chr1:158323485-158327343,CD1E,+
XLOC_000906,chr1,158435351,158436293,chr1:158435351-158436293,OR10K1,+
XLOC_000907,chr1,158449667,158450675,chr1:158449667-158450675,OR10R2,+
XLOC_000908,chr1,158576228,158577170,chr1:158576228-158577170,OR10Z1,+
XLOC_000909,chr1,158724605,158725637,chr1:158724605-158725637,OR6K6,+
XLOC_000910,chr1,158801167,158819270,chr1:158801167-158819270,MNDA,+
XLOC_000911,chr1,158901020,158947932,chr1:158901020-158947932,PYHIN1,+
XLOC_000912,chr1,158976765,159046829,chr1:158976765-159046829,IFI16,+
XLOC_000913,chr1,159141376,159172932,chr1:159141376-159172932,CADM3,+
XLOC_000914,chr1,159173802,159176290,chr1:159173802-159176290,ACKR1,+
XLOC_000915,chr1,159259503,159278014,chr1:159259503-159278014,FCER1A,+
XLOC_000916,chr1,159409511,159410600,chr1:159409511-159410600,OR10J1,+
XLOC_000917,chr1,159557615,159558661,chr1:159557615-159558661,APCS,+
XLOC_000918,chr1,159750758,159752333,chr1:159750758-159752333,DUSP23,+
XLOC_000919,chr1,159770248,159788697,chr1:159770248-159788697,FCRL6,+
XLOC_000920,chr1,159796478,159832447,chr1:159796478-159832447,SLAMF8,+
XLOC_000921,chr1,159931013,159948876,chr1:159931013-159948876,LINC01133,+
XLOC_000922,chr1,160051359,160060441,chr1:160051359-160060441,KCNJ9,+
XLOC_000923,chr1,160085519,160113374,chr1:160085519-160113374,ATP1A2,+
XLOC_000924,chr1,160121351,160156767,chr1:160121351-160156767,ATP1A4,+
XLOC_000925,chr1,160160284,160232734,chr1:160160284-160232734,CASQ1,+
XLOC_000926,chr1,160160284,160232734,chr1:160160284-160232734,PEA15,+
XLOC_000927,chr1,160258376,160328742,chr1:160258376-160328742,SUMO1P3,+
XLOC_000928,chr1,160258376,160328742,chr1:160258376-160328742,NCSTN,+
XLOC_000929,chr1,160336860,160342638,chr1:160336860-160342638,NHLH1,+
XLOC_000930,chr1,160370363,160398468,chr1:160370363-160398468,VANGL2,+
XLOC_000931,chr1,160638157,160681641,chr1:160638157-160681641,CD48,+
XLOC_000932,chr1,160708846,160725116,chr1:160708846-160725116,SLAMF7,+
XLOC_000933,chr1,160765863,160832861,chr1:160765863-160832861,LY9,+
XLOC_000934,chr1,160902254,160924589,chr1:160902254-160924589,LOC101928372,+
XLOC_000935,chr1,161068150,161070138,chr1:161068150-161070138,KLHDC9,+
XLOC_000936,chr1,161070345,161155139,chr1:161070345-161155139,NIT1|PPOX|UFC1|USP21,+
XLOC_000937,chr1,161169104,161208000,chr1:161169104-161208000,FCER1G|MIR5187|NDUFS2|TOMM40L,+
XLOC_000938,chr1,161228516,161255240,chr1:161228516-161255240,PCP4L1,+
XLOC_000939,chr1,161284161,161339885,chr1:161284161-161339885,SDHC,+
XLOC_000940,chr1,161369220,161392555,chr1:161369220-161392555,NA,+
XLOC_000941,chr1,161475204,161653456,chr1:161475204-161653456,FCGR2A|FCGR2B|FCGR2C|HSPA7,+
XLOC_000942,chr1,161475204,161653456,chr1:161475204-161653456,HSPA6,+
XLOC_000943,chr1,161676761,161684142,chr1:161676761-161684142,FCRLA,+
XLOC_000944,chr1,161691333,161698023,chr1:161691333-161698023,FCRLB,+
XLOC_000945,chr1,161719061,161726954,chr1:161719061-161726954,DUSP12,+
XLOC_000946,chr1,161735834,161934613,chr1:161735834-161934613,ATF6,+
XLOC_000947,chr1,162039580,162339813,chr1:162039580-162339813,NOS1AP,+
XLOC_000948,chr1,162039580,162339813,chr1:162039580-162339813,MIR4654,+
XLOC_000949,chr1,162039580,162339813,chr1:162039580-162339813,MIR556,+
XLOC_000950,chr1,162348695,162356608,chr1:162348695-162356608,C1orf226,+
XLOC_000951,chr1,162466963,162499520,chr1:162466963-162499520,UHMK1,+
XLOC_000952,chr1,162531295,162570217,chr1:162531295-162570217,UAP1,+
XLOC_000953,chr1,162602227,162750247,chr1:162602227-162750247,DDR2,+
XLOC_000954,chr1,162760491,162784187,chr1:162760491-162784187,HSD17B7,+
XLOC_000955,chr1,163038395,163046592,chr1:163038395-163046592,RGS4,+
XLOC_000956,chr1,163112088,163325553,chr1:163112088-163325553,LOC101928404,+
XLOC_000957,chr1,163112088,163325553,chr1:163112088-163325553,NUF2,+
XLOC_000958,chr1,164528596,164821060,chr1:164528596-164821060,PBX1,+
XLOC_000959,chr1,165446078,165551341,chr1:165446078-165551341,LRRC52,+
XLOC_000960,chr1,165600109,165625372,chr1:165600109-165625372,MGST3,+
XLOC_000961,chr1,165667986,165679199,chr1:165667986-165679199,LOC440700,+
XLOC_000962,chr1,165690250,165744685,chr1:165690250-165744685,LOC100147773,+
XLOC_000963,chr1,165796596,165880944,chr1:165796596-165880944,MIR3658|UCK2,+
XLOC_000964,chr1,166573152,166594473,chr1:166573152-166594473,FMO9P,+
XLOC_000965,chr1,166808648,166845969,chr1:166808648-166845969,POGK,+
XLOC_000966,chr1,166944818,166991449,chr1:166944818-166991449,MAEL,+
XLOC_000967,chr1,167064086,167098402,chr1:167064086-167098402,DUSP27,+
XLOC_000968,chr1,167187625,167396774,chr1:167187625-167396774,POU2F1,+
XLOC_000969,chr1,167590413,167677906,chr1:167590413-167677906,RCSD1,+
XLOC_000970,chr1,167691039,167761156,chr1:167691039-167761156,MPZL1,+
XLOC_000971,chr1,167885469,168045206,chr1:167885469-168045206,DCAF6,+
XLOC_000972,chr1,167885469,168045206,chr1:167885469-168045206,MIR1255B2,+
XLOC_000973,chr1,168148082,168171351,chr1:168148082-168171351,TIPRL,+
XLOC_000974,chr1,168195057,168233040,chr1:168195057-168233040,SFT2D2,+
XLOC_000975,chr1,168250209,168283778,chr1:168250209-168283778,TBX19,+
XLOC_000976,chr1,168344761,168344859,chr1:168344761-168344859,MIR557,+
XLOC_000977,chr1,168545710,168551315,chr1:168545710-168551315,XCL1,+
XLOC_000978,chr1,168756178,168762126,chr1:168756178-168762126,LINC00626,+
XLOC_000979,chr1,169075591,169429907,chr1:169075591-169429907,ATP1B1,+
XLOC_000980,chr1,169075591,169429907,chr1:169075591-169429907,BLZF1,+
XLOC_000981,chr1,169764155,169863100,chr1:169764155-169863100,C1orf112,+
XLOC_000982,chr1,170115187,170136923,chr1:170115187-170136923,METTL11B,+
XLOC_000983,chr1,170430457,170522974,chr1:170430457-170522974,GORAB,+
XLOC_000984,chr1,170633312,170795184,chr1:170633312-170795184,PRRX1,+
XLOC_000985,chr1,170903191,171255117,chr1:170903191-171255117,FMO3|FMO6P|MIR1295B|MROH9,+
XLOC_000986,chr1,170903191,171255117,chr1:170903191-171255117,FMO2,+
XLOC_000987,chr1,170903191,171255117,chr1:170903191-171255117,FMO1,+
XLOC_000988,chr1,171283305,171315602,chr1:171283305-171315602,FMO4,+
XLOC_000989,chr1,171283305,171315602,chr1:171283305-171315602,TOP1P1,+
XLOC_000990,chr1,171452792,171562650,chr1:171452792-171562650,PRRC2C,+
XLOC_000991,chr1,171750760,172437969,chr1:171750760-172437969,METTL13,+
XLOC_000992,chr1,171750760,172437969,chr1:171750760-172437969,DNM3,+
XLOC_000993,chr1,171750760,172437969,chr1:171750760-172437969,DNM3-IT1,+
XLOC_000994,chr1,171750760,172437969,chr1:171750760-172437969,MIR3120,+
XLOC_000995,chr1,171750760,172437969,chr1:171750760-172437969,C1orf105,+
XLOC_000996,chr1,172501488,172580975,chr1:172501488-172580975,SUCO,+
XLOC_000997,chr1,172628147,172636012,chr1:172628147-172636012,FASLG,+
XLOC_000998,chr1,173204198,173446313,chr1:173204198-173446313,LOC100506023|LOC101928673,+
XLOC_000999,chr1,173446454,173457946,chr1:173446454-173457946,PRDX6,+
XLOC_001000,chr1,173577474,173639001,chr1:173577474-173639001,LOC730159,+
